request_id,created_at,status_code,time_to_first_token,time_to_completion,model,api_key_id,project_id,input_tokens,input_non_cached_tokens,input_cached_tokens,input_audio_seconds,output_tokens
req_01kj0q0tnzfx7vj8d3400phqbn,1771698154175,200,0.20166,0.256065,llama-3.3-70b-versatile,key_01khq7zxv8emdstpf7qejngq60,project_01kcqq8r2pf1pt2vv167gq4x05,521,521,0,0,11
req_01kj0q0tj0eyer1ty7safs6xaa,1771698154048,200,0.091735,0.100487,llama-3.3-70b-versatile,key_01khq7zxv8emdstpf7qejngq60,project_01kcqq8r2pf1pt2vv167gq4x05,81,81,0,0,2
req_01kj0q0hvkey28v7k9vrmst9gy,1771698145139,200,0.186256,0.209514,llama-3.3-70b-versatile,key_01khq7zxv8emdstpf7qejngq60,project_01kcqq8r2pf1pt2vv167gq4x05,242,242,0,0,16
req_01kj0q0gt9fwv9ntvy9edgb2jc,1771698144073,200,0.202109,0.238689,llama-3.3-70b-versatile,key_01khq7zxv8emdstpf7qejngq60,project_01kcqq8r2pf1pt2vv167gq4x05,531,531,0,0,14
req_01kj0q0gkheqqr6463e1rk06fn,1771698143857,200,0.178157,0.186972,llama-3.3-70b-versatile,key_01khq7zxv8emdstpf7qejngq60,project_01kcqq8r2pf1pt2vv167gq4x05,82,82,0,0,2
req_01kj0q03e1fwa8w0jddxr89pax,1771698130369,200,0.154508,0.1822,llama-3.3-70b-versatile,key_01khq7zxv8emdstpf7qejngq60,project_01kcqq8r2pf1pt2vv167gq4x05,574,574,0,0,6
req_01kj0q03aaexnrary19jzh9d6e,1771698130250,200,0.080119,0.088166,llama-3.3-70b-versatile,key_01khq7zxv8emdstpf7qejngq60,project_01kcqq8r2pf1pt2vv167gq4x05,85,85,0,0,2
req_01kj0pzk7fepnv3zhdd11yefde,1771698113775,200,0.219957,0.246918,llama-3.3-70b-versatile,key_01khq7zxv8emdstpf7qejngq60,project_01kcqq8r2pf1pt2vv167gq4x05,610,610,0,0,5
req_01kj0pzk0pepnschh4eykq1qtg,1771698113558,200,0.178981,0.189954,llama-3.3-70b-versatile,key_01khq7zxv8emdstpf7qejngq60,project_01kcqq8r2pf1pt2vv167gq4x05,81,81,0,0,2
req_01kj0pj19bemdaxs0e3hvkqbmq,1771697669419,200,0.194458,0.225987,llama-3.3-70b-versatile,key_01khq7zxv8emdstpf7qejngq60,project_01kcqq8r2pf1pt2vv167gq4x05,246,246,0,0,16
req_01kj0pj00zf6zsnwamhmh8zcdn,1771697668127,200,0.243328,0.317548,llama-3.3-70b-versatile,key_01khq7zxv8emdstpf7qejngq60,project_01kcqq8r2pf1pt2vv167gq4x05,1315,1315,0,0,22
req_01kj0phy4nesta3t16ge7vqbyq,1771697666197,200,0.095695,0.125729,llama-3.3-70b-versatile,key_01khq7zxv8emdstpf7qejngq60,project_01kcqq8r2pf1pt2vv167gq4x05,86,86,0,0,6
req_01kj0nqhe0faxtsbtckh0hefm1,1771696801216,200,0.125325,0.378279,llama-3.3-70b-versatile,key_01khq7zxv8emdstpf7qejngq60,project_01kcqq8r2pf1pt2vv167gq4x05,452,452,0,0,84
req_01kj0myt49e52r13mbc0w24dpr,1771695990921,200,0.030228,0.054093,llama-3.3-70b-versatile,key_01khq7zxv8emdstpf7qejngq60,project_01kcqq8r2pf1pt2vv167gq4x05,270,270,0,0,19
req_01kj0myt0ffa5rqajkk77wyfm4,1771695990799,200,0.025308,0.047257,llama-3.3-70b-versatile,key_01khq7zxv8emdstpf7qejngq60,project_01kcqq8r2pf1pt2vv167gq4x05,275,275,0,0,16
req_01kj0mysv0es78vhf0fh02m7et,1771695990624,200,0.061143,0.10387,llama-3.3-70b-versatile,key_01khq7zxv8emdstpf7qejngq60,project_01kcqq8r2pf1pt2vv167gq4x05,272,272,0,0,18
req_01kj0mysk8fextw3dyqmpcqpyg,1771695990376,200,0.073594,0.097401,llama-3.3-70b-versatile,key_01khq7zxv8emdstpf7qejngq60,project_01kcqq8r2pf1pt2vv167gq4x05,270,270,0,0,16
req_01kj0mysc4f5gtph3efjx31223,1771695990148,200,0.081423,0.104158,llama-3.3-70b-versatile,key_01khq7zxv8emdstpf7qejngq60,project_01kcqq8r2pf1pt2vv167gq4x05,272,272,0,0,18
req_01kj0mrq8ae54a75m2nekjg0s6,1771695791370,200,0.189375,0.417562,llama-3.3-70b-versatile,key_01khq7zxv8emdstpf7qejngq60,project_01kcqq8r2pf1pt2vv167gq4x05,707,707,0,0,66
req_01kj0mrq1nfsc8mdsfky2f02wf,1771695791157,200,0.179394,0.187416,llama-3.3-70b-versatile,key_01khq7zxv8emdstpf7qejngq60,project_01kcqq8r2pf1pt2vv167gq4x05,88,88,0,0,2
req_01kj0mpphcezdt93sw1ww8x6x1,1771695725100,200,0.193007,0.215162,llama-3.3-70b-versatile,key_01khq7zxv8emdstpf7qejngq60,project_01kcqq8r2pf1pt2vv167gq4x05,241,241,0,0,16
req_01kj0mpnaqfparwgaj3j7g6w74,1771695723863,200,0.209297,0.412712,llama-3.3-70b-versatile,key_01khq7zxv8emdstpf7qejngq60,project_01kcqq8r2pf1pt2vv167gq4x05,635,635,0,0,55
req_01kj0mpn3xe1tbr2q00c25g3nx,1771695723645,200,0.183727,0.19105,llama-3.3-70b-versatile,key_01khq7zxv8emdstpf7qejngq60,project_01kcqq8r2pf1pt2vv167gq4x05,81,81,0,0,2
req_01kj0mp115fn28kd9mey9373fg,1771695703077,200,0.110644,0.400114,llama-3.3-70b-versatile,key_01khq7zxv8emdstpf7qejngq60,project_01kcqq8r2pf1pt2vv167gq4x05,635,635,0,0,51
req_01kj0mp0xffn2btjqh7qcn6d9v,1771695702959,200,0.085663,0.092771,llama-3.3-70b-versatile,key_01khq7zxv8emdstpf7qejngq60,project_01kcqq8r2pf1pt2vv167gq4x05,83,83,0,0,2
req_01kj0mmxtwfe6se508batn3sew,1771695667036,200,0.206105,0.468796,llama-3.3-70b-versatile,key_01khq7zxv8emdstpf7qejngq60,project_01kcqq8r2pf1pt2vv167gq4x05,580,580,0,0,49
req_01kj0mmxpqenvt2bcbfhst2fga,1771695666903,200,0.095242,0.103302,llama-3.3-70b-versatile,key_01khq7zxv8emdstpf7qejngq60,project_01kcqq8r2pf1pt2vv167gq4x05,84,84,0,0,2
req_01kj0mm5zse2zb37we86g29nbh,1771695642617,200,0.188039,0.212354,llama-3.3-70b-versatile,key_01khq7zxv8emdstpf7qejngq60,project_01kcqq8r2pf1pt2vv167gq4x05,242,242,0,0,16
req_01kj0mm3zye2xt7cw2m1a8skyr,1771695640574,200,0.202428,0.381402,llama-3.3-70b-versatile,key_01khq7zxv8emdstpf7qejngq60,project_01kcqq8r2pf1pt2vv167gq4x05,512,512,0,0,44
req_01kj0mm3rze2xrqrfwgmv08nvz,1771695640351,200,0.182996,0.192432,llama-3.3-70b-versatile,key_01khq7zxv8emdstpf7qejngq60,project_01kcqq8r2pf1pt2vv167gq4x05,82,82,0,0,2
req_01kj0mjhs3exdssejd7msmbw78,1771695589156,200,0.211161,0.389098,llama-3.3-70b-versatile,key_01khq7zxv8emdstpf7qejngq60,project_01kcqq8r2pf1pt2vv167gq4x05,589,589,0,0,42
req_01kj0mjhhzew7apfhy20trd36b,1771695588927,200,0.184875,0.192607,llama-3.3-70b-versatile,key_01khq7zxv8emdstpf7qejngq60,project_01kcqq8r2pf1pt2vv167gq4x05,82,82,0,0,2
req_01kj0m5ccyfk3t49c4468f7vtp,1771695157662,200,0.096523,0.268145,llama-3.3-70b-versatile,key_01khq7zxv8emdstpf7qejngq60,project_01kcqq8r2pf1pt2vv167gq4x05,501,501,0,0,30
req_01kj0kf4kcfc39mvr40fmn9k0q,1771694428780,200,0.018213,0.032201,llama-3.3-70b-versatile,key_01khq7zxv8emdstpf7qejngq60,project_01kcqq8r2pf1pt2vv167gq4x05,31,31,0,0,10
req_01kj0kf3ref96bc8wbjnpk8gyg,1771694427918,200,0.075697,0.213511,llama-3.3-70b-versatile,key_01khq7zxv8emdstpf7qejngq60,project_01kcqq8r2pf1pt2vv167gq4x05,501,501,0,0,34
req_01kj0hjjp2f3ganhb1bv55t805,1771692444354,200,0.022561,0.171912,llama-3.3-70b-versatile,key_01khq7zxv8emdstpf7qejngq60,project_01kcqq8r2pf1pt2vv167gq4x05,173,173,0,0,45
req_01kj0g7mq0fy6vhsyhfr453jm0,1771691037408,200,0.138798,0.150267,llama-3.3-70b-versatile,key_01khq7zxv8emdstpf7qejngq60,project_01kcqq8r2pf1pt2vv167gq4x05,382,382,0,0,3
req_01kj0g7mewfz69a6n7nj5qx4t4,1771691037148,200,0.186992,0.204946,llama-3.3-70b-versatile,key_01khq7zxv8emdstpf7qejngq60,project_01kcqq8r2pf1pt2vv167gq4x05,382,382,0,0,4
req_01kj0g7mb7fxj84kepp9xcsyt4,1771691037031,200,0.044974,0.062622,llama-3.3-70b-versatile,key_01khq7zxv8emdstpf7qejngq60,project_01kcqq8r2pf1pt2vv167gq4x05,384,384,0,0,5
req_01kj0g7m62fv3abpnwaf9k6yvp,1771691036866,200,0.083005,0.091585,llama-3.3-70b-versatile,key_01khq7zxv8emdstpf7qejngq60,project_01kcqq8r2pf1pt2vv167gq4x05,381,381,0,0,3
req_01kj0g63dtepyavq4qx540vf23,1771690986938,200,0.050772,0.070809,llama-3.3-70b-versatile,key_01khq7zxv8emdstpf7qejngq60,project_01kcqq8r2pf1pt2vv167gq4x05,87,87,0,0,5
req_01kj0g6375eh4snn3aww2cepnx,1771690986725,200,0.159105,0.159814,llama-3.3-70b-versatile,key_01khq7zxv8emdstpf7qejngq60,project_01kcqq8r2pf1pt2vv167gq4x05,84,84,0,0,2
req_01kj0g6337eexb4ec2r5e79m28,1771690986599,200,0.045161,0.072485,llama-3.3-70b-versatile,key_01khq7zxv8emdstpf7qejngq60,project_01kcqq8r2pf1pt2vv167gq4x05,86,86,0,0,6
req_01kj0g62w1eac8dn8t5mt3s3wr,1771690986369,200,0.162635,0.171373,llama-3.3-70b-versatile,key_01khq7zxv8emdstpf7qejngq60,project_01kcqq8r2pf1pt2vv167gq4x05,83,83,0,0,2
req_01kj0g62rme7hsm6g0qrdz5bxh,1771690986260,200,0.018803,0.02787,llama-3.3-70b-versatile,key_01khq7zxv8emdstpf7qejngq60,project_01kcqq8r2pf1pt2vv167gq4x05,85,85,0,0,3
req_01kj0fgaarfdnbd2f5xdc2k5xz,1771690273112,200,0.135481,0.241032,llama-3.3-70b-versatile,key_01khq7zxv8emdstpf7qejngq60,project_01kcqq8r2pf1pt2vv167gq4x05,616,616,0,0,32
req_01kj0fftt6e72b883a9tttjndm,1771690257222,200,0.185251,0.207792,llama-3.3-70b-versatile,key_01khq7zxv8emdstpf7qejngq60,project_01kcqq8r2pf1pt2vv167gq4x05,243,243,0,0,16
req_01kj0ffsy8e6yrpj43xrehkghh,1771690256328,200,0.146367,0.166137,llama-3.3-70b-versatile,key_01khq7zxv8emdstpf7qejngq60,project_01kcqq8r2pf1pt2vv167gq4x05,629,629,0,0,4
req_01kj0ff7ncfmarmmf0fjxyff9r,1771690237612,200,0.212322,0.438597,llama-3.3-70b-versatile,key_01khq7zxv8emdstpf7qejngq60,project_01kcqq8r2pf1pt2vv167gq4x05,717,717,0,0,60
req_01kj0fedvhfh9azeebwkp93gd4,1771690211185,200,0.260882,0.469767,llama-3.3-70b-versatile,key_01khq7zxv8emdstpf7qejngq60,project_01kcqq8r2pf1pt2vv167gq4x05,881,881,0,0,67
req_01kj0fdg3jfx7s2r2ytnemn3ma,1771690180722,200,0.088284,0.112263,llama-3.3-70b-versatile,key_01khq7zxv8emdstpf7qejngq60,project_01kcqq8r2pf1pt2vv167gq4x05,261,261,0,0,16
req_01kj0fdes5fx2vvs0y1x2yrc54,1771690179365,200,0.186567,0.628977,llama-3.3-70b-versatile,key_01khq7zxv8emdstpf7qejngq60,project_01kcqq8r2pf1pt2vv167gq4x05,904,904,0,0,103
req_01kj0fba2hfrs93cpr5jdaxg88,1771690109009,200,0.232047,0.369297,llama-3.3-70b-versatile,key_01khq7zxv8emdstpf7qejngq60,project_01kcqq8r2pf1pt2vv167gq4x05,614,614,0,0,37
req_01kj0fagwdf699trzd8p211d7t,1771690083213,200,0.20461,0.33106,llama-3.3-70b-versatile,key_01khq7zxv8emdstpf7qejngq60,project_01kcqq8r2pf1pt2vv167gq4x05,604,604,0,0,35
req_01kj0f9rnjfg48s5t19kj6b3km,1771690058418,200,0.186591,0.210517,llama-3.3-70b-versatile,key_01khq7zxv8emdstpf7qejngq60,project_01kcqq8r2pf1pt2vv167gq4x05,242,242,0,0,16
req_01kj0f9qr0fk7sy9jbg2xd2812,1771690057472,200,0.201669,0.211914,llama-3.3-70b-versatile,key_01khq7zxv8emdstpf7qejngq60,project_01kcqq8r2pf1pt2vv167gq4x05,581,581,0,0,4
req_01kj0f92wcfdnaywmz5pkakn1b,1771690036108,200,0.134038,0.462985,llama-3.3-70b-versatile,key_01khq7zxv8emdstpf7qejngq60,project_01kcqq8r2pf1pt2vv167gq4x05,735,735,0,0,76
req_01kj0f7revf84rr9d4fax51rw3,1771689992667,200,0.21413,0.338148,llama-3.3-70b-versatile,key_01khq7zxv8emdstpf7qejngq60,project_01kcqq8r2pf1pt2vv167gq4x05,774,774,0,0,29
req_01kj0dt6g1ey2skf6b964gtxaq,1771688499713,200,0.104628,0.128608,llama-3.3-70b-versatile,key_01khq7zxv8emdstpf7qejngq60,project_01kcqq8r2pf1pt2vv167gq4x05,240,240,0,0,16
req_01kj0dt575f32tf2ptkek138q5,1771688498405,200,0.186088,0.585342,llama-3.3-70b-versatile,key_01khq7zxv8emdstpf7qejngq60,project_01kcqq8r2pf1pt2vv167gq4x05,750,750,0,0,98
req_01kj0dqs71ez9adeggvgwjjrw6,1771688420577,200,0.21917,0.599348,llama-3.3-70b-versatile,key_01khq7zxv8emdstpf7qejngq60,project_01kcqq8r2pf1pt2vv167gq4x05,755,755,0,0,105
req_01kj0dpzjbecdb9a26ym41q5v9,1771688394315,200,0.243939,0.641417,llama-3.3-70b-versatile,key_01khq7zxv8emdstpf7qejngq60,project_01kcqq8r2pf1pt2vv167gq4x05,1050,1050,0,0,99
req_01khyqnarpeyp9wgjqzay2vyrv,1771631717142,200,0.210678,0.240886,llama-3.3-70b-versatile,key_01khq7zxv8emdstpf7qejngq60,project_01kcqq8r2pf1pt2vv167gq4x05,245,245,0,0,16
req_01khyqn95jeydsc7g1xz7r8pwb,1771631715506,200,0.48244,0.765991,llama-3.3-70b-versatile,key_01khq7zxv8emdstpf7qejngq60,project_01kcqq8r2pf1pt2vv167gq4x05,678,678,0,0,73
req_01khyqktqefgptsg9dqyfknqcx,1771631667950,200,0.196944,0.577647,llama-3.3-70b-versatile,key_01khq7zxv8emdstpf7qejngq60,project_01kcqq8r2pf1pt2vv167gq4x05,468,468,0,0,101
req_01khyqjg1qfbsvekx3xpvp1kvk,1771631624247,200,0.203809,0.516642,llama-3.3-70b-versatile,key_01khq7zxv8emdstpf7qejngq60,project_01kcqq8r2pf1pt2vv167gq4x05,455,455,0,0,91
req_01khxv82gwfpf9t271zgc3qa2s,1771601922588,200,0.188065,0.219818,llama-3.3-70b-versatile,key_01khq7zxv8emdstpf7qejngq60,project_01kcqq8r2pf1pt2vv167gq4x05,246,246,0,0,16
req_01khxv81kwefwtnadpmrvjhe97,1771601921660,200,0.121195,0.217315,llama-3.3-70b-versatile,key_01khq7zxv8emdstpf7qejngq60,project_01kcqq8r2pf1pt2vv167gq4x05,385,385,0,0,22
req_01khxv74gbeemtr9353hgcabrf,1771601891851,200,0.110571,0.215793,llama-3.3-70b-versatile,key_01khq7zxv8emdstpf7qejngq60,project_01kcqq8r2pf1pt2vv167gq4x05,476,476,0,0,20
req_01khxv6j2zf8msz0w17bfh87gb,1771601872991,200,0.194703,0.293139,llama-3.3-70b-versatile,key_01khq7zxv8emdstpf7qejngq60,project_01kcqq8r2pf1pt2vv167gq4x05,390,390,0,0,23
req_01khxv59q6ef49zqzpq1c0skzh,1771601831654,200,0.195491,0.219625,llama-3.3-70b-versatile,key_01khq7zxv8emdstpf7qejngq60,project_01kcqq8r2pf1pt2vv167gq4x05,246,246,0,0,16
req_01khxv58pgef49xrefztyferk4,1771601830608,200,0.205844,0.302471,llama-3.3-70b-versatile,key_01khq7zxv8emdstpf7qejngq60,project_01kcqq8r2pf1pt2vv167gq4x05,352,352,0,0,17
req_01khxtva6re3988851y6n6x0w9,1771601504472,200,0.234521,0.243886,llama-3.3-70b-versatile,key_01khq7zxv8emdstpf7qejngq60,project_01kcqq8r2pf1pt2vv167gq4x05,325,325,0,0,3
req_01khxtt3npewjaamtf20p4vdzg,1771601465014,200,0.203851,0.297834,llama-3.3-70b-versatile,key_01khq7zxv8emdstpf7qejngq60,project_01kcqq8r2pf1pt2vv167gq4x05,449,449,0,0,18
req_01khxts43yefdaaqgt584f72dh,1771601432702,200,0.129029,0.153135,llama-3.3-70b-versatile,key_01khq7zxv8emdstpf7qejngq60,project_01kcqq8r2pf1pt2vv167gq4x05,241,241,0,0,16
req_01khxts35yed9amc27xx6ye619,1771601431742,200,0.127417,0.143977,llama-3.3-70b-versatile,key_01khq7zxv8emdstpf7qejngq60,project_01kcqq8r2pf1pt2vv167gq4x05,573,573,0,0,3
req_01khxtrn0sf9qbvaw76dgrahxf,1771601417241,200,0.275893,0.31931,llama-3.3-70b-versatile,key_01khq7zxv8emdstpf7qejngq60,project_01kcqq8r2pf1pt2vv167gq4x05,482,482,0,0,9
req_01khw791d3f5ebdysmr39ya136,1771547428259,200,0.201725,0.345124,llama-3.3-70b-versatile,key_01khq7zxv8emdstpf7qejngq60,project_01kcqq8r2pf1pt2vv167gq4x05,529,529,0,0,27
req_01khw78ajnf4m8kgdvyd4et35d,1771547404885,200,0.101813,0.125288,llama-3.3-70b-versatile,key_01khq7zxv8emdstpf7qejngq60,project_01kcqq8r2pf1pt2vv167gq4x05,245,245,0,0,16
req_01khw789g3fwprzbnnv8gv10qe,1771547403779,200,0.233879,0.3772,llama-3.3-70b-versatile,key_01khq7zxv8emdstpf7qejngq60,project_01kcqq8r2pf1pt2vv167gq4x05,528,528,0,0,23
req_01khw77frgf3btjb9e2s1hx3we,1771547377424,200,0.132306,0.279879,llama-3.3-70b-versatile,key_01khq7zxv8emdstpf7qejngq60,project_01kcqq8r2pf1pt2vv167gq4x05,549,549,0,0,30
req_01khw74frwew8b0rgqvq1014jm,1771547279132,200,0.22703,0.357826,llama-3.3-70b-versatile,key_01khq7zxv8emdstpf7qejngq60,project_01kcqq8r2pf1pt2vv167gq4x05,918,918,0,0,28
req_01khw71kebfcfb15ax04zbmnr7,1771547184587,200,0.199701,0.224779,llama-3.3-70b-versatile,key_01khq7zxv8emdstpf7qejngq60,project_01kcqq8r2pf1pt2vv167gq4x05,246,246,0,0,16
req_01khw71jdtev998hqrptg04s5d,1771547183546,200,0.210013,0.258321,llama-3.3-70b-versatile,key_01khq7zxv8emdstpf7qejngq60,project_01kcqq8r2pf1pt2vv167gq4x05,504,504,0,0,12
req_01khw5egtcen2vz777fernx3nd,1771545510732,200,0.20976,0.332144,llama-3.3-70b-versatile,key_01khq7zxv8emdstpf7qejngq60,project_01kcqq8r2pf1pt2vv167gq4x05,463,463,0,0,25
req_01khw5bn8zeg49cmp69wc3mrhm,1771545416991,200,0.191885,0.307165,llama-3.3-70b-versatile,key_01khq7zxv8emdstpf7qejngq60,project_01kcqq8r2pf1pt2vv167gq4x05,339,339,0,0,17
req_01khw598n4fwcv6kqnd2xe1fsk,1771545338532,200,0.185945,0.207716,llama-3.3-70b-versatile,key_01khq7zxv8emdstpf7qejngq60,project_01kcqq8r2pf1pt2vv167gq4x05,241,241,0,0,16
req_01khw597v3ezqtgzn28hm8m8a5,1771545337699,200,0.094791,0.105157,llama-3.3-70b-versatile,key_01khq7zxv8emdstpf7qejngq60,project_01kcqq8r2pf1pt2vv167gq4x05,509,509,0,0,4
req_01khw5899qftkb1gkden7qgypn,1771545306423,200,0.091412,0.106918,llama-3.3-70b-versatile,key_01khq7zxv8emdstpf7qejngq60,project_01kcqq8r2pf1pt2vv167gq4x05,432,432,0,0,3
req_01khw580rnfrb9cnxwwrg2672t,1771545297685,200,0.210321,0.218705,llama-3.3-70b-versatile,key_01khq7zxv8emdstpf7qejngq60,project_01kcqq8r2pf1pt2vv167gq4x05,568,568,0,0,3
req_01khw56jx0e869ce43czenfg6b,1771545250720,200,0.089594,0.113834,llama-3.3-70b-versatile,key_01khq7zxv8emdstpf7qejngq60,project_01kcqq8r2pf1pt2vv167gq4x05,242,242,0,0,16
req_01khw56hykegvv520j1yr8d4p8,1771545249747,200,0.215277,0.230034,llama-3.3-70b-versatile,key_01khq7zxv8emdstpf7qejngq60,project_01kcqq8r2pf1pt2vv167gq4x05,387,387,0,0,4
req_01khw54wczfmsvr6gabzx8f1fq,1771545194911,200,0.146726,0.240564,llama-3.3-70b-versatile,key_01khq7zxv8emdstpf7qejngq60,project_01kcqq8r2pf1pt2vv167gq4x05,509,509,0,0,18
req_01khw33d5je02tmp53a19mhdjm,1771543049394,200,0.153513,0.339295,llama-3.3-70b-versatile,key_01khq7zxv8emdstpf7qejngq60,project_01kcqq8r2pf1pt2vv167gq4x05,759,759,0,0,33
req_01khw30bxzfsm9r78qb0fyev8x,1771542949823,200,0.187248,0.209012,llama-3.3-70b-versatile,key_01khq7zxv8emdstpf7qejngq60,project_01kcqq8r2pf1pt2vv167gq4x05,260,260,0,0,17
req_01khw30b1sfsjvb90gdgph0wg3,1771542948921,200,0.128669,0.175404,llama-3.3-70b-versatile,key_01khq7zxv8emdstpf7qejngq60,project_01kcqq8r2pf1pt2vv167gq4x05,738,738,0,0,15
req_01khw2xyxdfk3b00rd408a7shh,1771542870957,200,0.204984,0.287359,llama-3.3-70b-versatile,key_01khq7zxv8emdstpf7qejngq60,project_01kcqq8r2pf1pt2vv167gq4x05,607,607,0,0,15
req_01khw2w7yyec4s4bptnd2p3778,1771542814686,200,0.112185,0.112603,llama-3.3-70b-versatile,key_01khq7zxv8emdstpf7qejngq60,project_01kcqq8r2pf1pt2vv167gq4x05,455,455,0,0,4
req_01khw2vt2hfpnvvv76844fzezr,1771542800465,200,0.185856,0.205436,llama-3.3-70b-versatile,key_01khq7zxv8emdstpf7qejngq60,project_01kcqq8r2pf1pt2vv167gq4x05,241,241,0,0,16
req_01khw2vs4yffx86my36henewme,1771542799518,200,0.192741,0.203465,llama-3.3-70b-versatile,key_01khq7zxv8emdstpf7qejngq60,project_01kcqq8r2pf1pt2vv167gq4x05,387,387,0,0,3
req_01khw2v3bwe0991491t42z16vj,1771542777212,200,0.198743,0.309793,llama-3.3-70b-versatile,key_01khq7zxv8emdstpf7qejngq60,project_01kcqq8r2pf1pt2vv167gq4x05,506,506,0,0,27
req_01khw2tn61fe9vt93yqytv5fm3,1771542762689,200,0.201731,0.29017,llama-3.3-70b-versatile,key_01khq7zxv8emdstpf7qejngq60,project_01kcqq8r2pf1pt2vv167gq4x05,542,542,0,0,22
req_01khw2stx5fd2bq6w13vwa6fgz,1771542735781,200,0.187216,0.210875,llama-3.3-70b-versatile,key_01khq7zxv8emdstpf7qejngq60,project_01kcqq8r2pf1pt2vv167gq4x05,254,254,0,0,16
req_01khw2ssv5fjts8186g8a85ke4,1771542734693,200,0.206059,0.336354,llama-3.3-70b-versatile,key_01khq7zxv8emdstpf7qejngq60,project_01kcqq8r2pf1pt2vv167gq4x05,530,530,0,0,27
req_01khw2qvvvf9xaww661w66ncy0,1771542671227,200,0.121911,0.242253,llama-3.3-70b-versatile,key_01khq7zxv8emdstpf7qejngq60,project_01kcqq8r2pf1pt2vv167gq4x05,551,551,0,0,26
req_01khw2na6rfpstkg31tee6cctq,1771542587608,200,0.093248,0.175181,llama-3.3-70b-versatile,key_01khq7zxv8emdstpf7qejngq60,project_01kcqq8r2pf1pt2vv167gq4x05,388,388,0,0,28
req_01khw2m80xf3g9e7f9trsf5t7e,1771542552605,200,0.138024,0.159173,llama-3.3-70b-versatile,key_01khq7zxv8emdstpf7qejngq60,project_01kcqq8r2pf1pt2vv167gq4x05,240,240,0,0,16
req_01khw2m71afmms9f3thartey0p,1771542551594,200,0.141498,0.225694,llama-3.3-70b-versatile,key_01khq7zxv8emdstpf7qejngq60,project_01kcqq8r2pf1pt2vv167gq4x05,357,357,0,0,19
req_01khvyvpw9e9x8y1t55m8r905k,1771538602889,200,0.052521,0.169114,llama-3.3-70b-versatile,key_01khq7zxv8emdstpf7qejngq60,project_01kcqq8r2pf1pt2vv167gq4x05,409,409,0,0,28
req_01khvxwbmqf8hs7hhak4qm6pk8,1771537575575,200,0.054316,0.07694,llama-3.3-70b-versatile,key_01khq7zxv8emdstpf7qejngq60,project_01kcqq8r2pf1pt2vv167gq4x05,249,249,0,0,16
req_01khvxvrrhe58a5652t33dkkj2,1771537556241,200,0.057478,0.079569,llama-3.3-70b-versatile,key_01khq7zxv8emdstpf7qejngq60,project_01kcqq8r2pf1pt2vv167gq4x05,249,249,0,0,16
req_01khvxj8e1f8mv2m02e26wbyc1,1771537244609,200,0.073859,0.299643,llama-3.3-70b-versatile,key_01khq7zxv8emdstpf7qejngq60,project_01kcqq8r2pf1pt2vv167gq4x05,358,358,0,0,40
req_01khvxj81cfw2arj16jp1dp3yp,1771537244204,200,0.074034,0.315205,llama-3.3-70b-versatile,key_01khq7zxv8emdstpf7qejngq60,project_01kcqq8r2pf1pt2vv167gq4x05,264,264,0,0,46
req_01khvxhq6aeny91k3nrhppq98b,1771537226954,200,0.052947,0.118647,llama-3.3-70b-versatile,key_01khq7zxv8emdstpf7qejngq60,project_01kcqq8r2pf1pt2vv167gq4x05,247,247,0,0,19
req_01khvxhq2af0e8f0bmb7p24bt6,1771537226826,200,0.066271,0.089579,llama-3.3-70b-versatile,key_01khq7zxv8emdstpf7qejngq60,project_01kcqq8r2pf1pt2vv167gq4x05,252,252,0,0,16
req_01khvxhpxdfmw996xee6anp4w8,1771537226669,200,0.072757,0.118641,llama-3.3-70b-versatile,key_01khq7zxv8emdstpf7qejngq60,project_01kcqq8r2pf1pt2vv167gq4x05,255,255,0,0,26
req_01khvxhppzenr8gpkf177tzb75,1771537226463,200,0.124271,0.165602,llama-3.3-70b-versatile,key_01khq7zxv8emdstpf7qejngq60,project_01kcqq8r2pf1pt2vv167gq4x05,252,252,0,0,19
req_01khvwzhatepyv83j12yc5qv63,1771536631130,413,0,0.008728,llama-3.3-70b-versatile,key_01khq7zxv8emdstpf7qejngq60,project_01kcqq8r2pf1pt2vv167gq4x05,0,0,0,0,0,"{\"code\":\"rate_limit_exceeded\",\"message\":\"Request too large for model `llama-3.3-70b-versatile` in organization `org_01kcqq8qn1f1nsp9qjp2zs0kjv` service tier `on_demand` on tokens per minute (TPM): Limit 12000, Requested 15555, please reduce your message size and try again. Need more tokens? Upgrade to Dev Tier today at https://console.groq.com/settings/billing\",\"param\":\"\",\"type\":\"tokens\"}"
req_01khvwnp9yfq1v9x5a43m6506v,1771536308542,413,0,0.015363,llama-3.3-70b-versatile,key_01khq7zxv8emdstpf7qejngq60,project_01kcqq8r2pf1pt2vv167gq4x05,0,0,0,0,0,"{\"code\":\"rate_limit_exceeded\",\"message\":\"Request too large for model `llama-3.3-70b-versatile` in organization `org_01kcqq8qn1f1nsp9qjp2zs0kjv` service tier `on_demand` on tokens per minute (TPM): Limit 12000, Requested 21597, please reduce your message size and try again. Need more tokens? Upgrade to Dev Tier today at https://console.groq.com/settings/billing\",\"param\":\"\",\"type\":\"tokens\"}"
req_01khvwedxxfrhr0yaf93xtt58y,1771536070589,200,0.217112,0.392041,llama-3.3-70b-versatile,key_01khq7zxv8emdstpf7qejngq60,project_01kcqq8r2pf1pt2vv167gq4x05,769,769,0,0,42
req_01khvwdtsqeptty3pfs8tz9aqy,1771536050999,200,0.216341,0.388094,llama-3.3-70b-versatile,key_01khq7zxv8emdstpf7qejngq60,project_01kcqq8r2pf1pt2vv167gq4x05,775,775,0,0,34
req_01khvwdbmsfq9ah5kx27ggjs6e,1771536035481,200,0.121154,0.144741,llama-3.3-70b-versatile,key_01khq7zxv8emdstpf7qejngq60,project_01kcqq8r2pf1pt2vv167gq4x05,246,246,0,0,16
req_01khvwdajkekdt874n7b99fx6g,1771536034387,200,0.190858,0.367316,llama-3.3-70b-versatile,key_01khq7zxv8emdstpf7qejngq60,project_01kcqq8r2pf1pt2vv167gq4x05,768,768,0,0,36
req_01khvwc4ckedr8kjgg63awyrpg,1771535995283,200,0.293966,0.414713,llama-3.3-70b-versatile,key_01khq7zxv8emdstpf7qejngq60,project_01kcqq8r2pf1pt2vv167gq4x05,735,735,0,0,25
req_01khvwba6wefb9mszgx7j13j0r,1771535968476,200,0.210554,0.382311,llama-3.3-70b-versatile,key_01khq7zxv8emdstpf7qejngq60,project_01kcqq8r2pf1pt2vv167gq4x05,685,685,0,0,37
req_01khvw8jyyex2ajx9pqbwa0rw7,1771535879134,200,0.18632,0.208573,llama-3.3-70b-versatile,key_01khq7zxv8emdstpf7qejngq60,project_01kcqq8r2pf1pt2vv167gq4x05,253,253,0,0,16
req_01khvw8j6mex19tr6enrwp1b3m,1771535878356,413,0,0.012371,llama-3.3-70b-versatile,key_01khq7zxv8emdstpf7qejngq60,project_01kcqq8r2pf1pt2vv167gq4x05,0,0,0,0,0,"{\"code\":\"rate_limit_exceeded\",\"message\":\"Request too large for model `llama-3.3-70b-versatile` in organization `org_01kcqq8qn1f1nsp9qjp2zs0kjv` service tier `on_demand` on tokens per minute (TPM): Limit 12000, Requested 21855, please reduce your message size and try again. Need more tokens? Upgrade to Dev Tier today at https://console.groq.com/settings/billing\",\"param\":\"\",\"type\":\"tokens\"}"
req_01khvw2gfrfvhsbpk25sr7cabf,1771535679992,200,0.209585,0.397539,llama-3.3-70b-versatile,key_01khq7zxv8emdstpf7qejngq60,project_01kcqq8r2pf1pt2vv167gq4x05,981,981,0,0,46
req_01khvw103pedar6vvd83ke521x,1771535630454,200,0.33151,0.625495,llama-3.3-70b-versatile,key_01khq7zxv8emdstpf7qejngq60,project_01kcqq8r2pf1pt2vv167gq4x05,1045,1045,0,0,58
req_01khvvxa0wfh9brngqx6gfnevk,1771535509532,200,0.18807,0.211205,llama-3.3-70b-versatile,key_01khq7zxv8emdstpf7qejngq60,project_01kcqq8r2pf1pt2vv167gq4x05,246,246,0,0,16
req_01khvvx8wtfp4b7r3awrv3x7dk,1771535508378,200,0.145897,0.378733,llama-3.3-70b-versatile,key_01khq7zxv8emdstpf7qejngq60,project_01kcqq8r2pf1pt2vv167gq4x05,975,975,0,0,47
req_01khvvw6xwe2ytypwmpt8fc0vh,1771535473596,200,0.238984,0.500024,llama-3.3-70b-versatile,key_01khq7zxv8emdstpf7qejngq60,project_01kcqq8r2pf1pt2vv167gq4x05,950,950,0,0,54
req_01khvvqdyrf5j96ce347w6e4cv,1771535316952,200,0.247368,0.464708,llama-3.3-70b-versatile,key_01khq7zxv8emdstpf7qejngq60,project_01kcqq8r2pf1pt2vv167gq4x05,1256,1256,0,0,54
req_01khvvnt1kfms8pdcp72fge4b7,1771535263795,200,0.201985,0.226141,llama-3.3-70b-versatile,key_01khq7zxv8emdstpf7qejngq60,project_01kcqq8r2pf1pt2vv167gq4x05,259,259,0,0,16
req_01khvvnrtkf5w9rbdh3cpqq7tx,1771535262547,200,0.321741,0.509007,llama-3.3-70b-versatile,key_01khq7zxv8emdstpf7qejngq60,project_01kcqq8r2pf1pt2vv167gq4x05,975,975,0,0,44
req_01khvvks6fewfrpbm4h3c5sa8z,1771535197391,200,0.224321,0.403899,llama-3.3-70b-versatile,key_01khq7zxv8emdstpf7qejngq60,project_01kcqq8r2pf1pt2vv167gq4x05,949,949,0,0,29
req_01khvvjqmtexmahk1th4jfcrka,1771535163034,200,0.308348,0.448,llama-3.3-70b-versatile,key_01khq7zxv8emdstpf7qejngq60,project_01kcqq8r2pf1pt2vv167gq4x05,842,842,0,0,31
req_01khvt2qs2fs6bexykxgmchh6w,1771533590306,200,0.186065,0.207203,llama-3.3-70b-versatile,key_01khq7zxv8emdstpf7qejngq60,project_01kcqq8r2pf1pt2vv167gq4x05,246,246,0,0,16
req_01khvt2pmzfnt9ar5bp1dp337j,1771533589151,200,0.231669,0.37484,llama-3.3-70b-versatile,key_01khq7zxv8emdstpf7qejngq60,project_01kcqq8r2pf1pt2vv167gq4x05,959,959,0,0,35
req_01khvt2hqwf93b6r40zzxe4qpm,1771533584124,200,0.216947,0.364705,llama-3.3-70b-versatile,key_01khq7zxv8emdstpf7qejngq60,project_01kcqq8r2pf1pt2vv167gq4x05,841,841,0,0,34
req_01khvt2cpsf6j962cmfx6j59as,1771533578969,200,0.368619,0.475028,llama-3.3-70b-versatile,key_01khq7zxv8emdstpf7qejngq60,project_01kcqq8r2pf1pt2vv167gq4x05,824,824,0,0,28
req_01khvt1ghke0hsd03fjpx35n9c,1771533550131,200,0.122523,0.146755,llama-3.3-70b-versatile,key_01khq7zxv8emdstpf7qejngq60,project_01kcqq8r2pf1pt2vv167gq4x05,250,250,0,0,19
req_01khvt1fbses19zdcdj26x0a3s,1771533548921,200,0.298074,0.459753,llama-3.3-70b-versatile,key_01khq7zxv8emdstpf7qejngq60,project_01kcqq8r2pf1pt2vv167gq4x05,2128,2128,0,0,39
req_01khvt1a7afzqs8s08r8w78htz,1771533543658,200,0.181708,0.277008,llama-3.3-70b-versatile,key_01khq7zxv8emdstpf7qejngq60,project_01kcqq8r2pf1pt2vv167gq4x05,738,738,0,0,19
req_01khvt166jf909fbrhbd7vgjwe,1771533539538,200,0.219094,0.31522,llama-3.3-70b-versatile,key_01khq7zxv8emdstpf7qejngq60,project_01kcqq8r2pf1pt2vv167gq4x05,706,706,0,0,18
req_01khvks998f4jshbacrgvf150v,1771526989096,200,0.082745,0.097364,llama-3.3-70b-versatile,key_01khq7zxv8emdstpf7qejngq60,project_01kcqq8r2pf1pt2vv167gq4x05,216,216,0,0,19
req_01khvks87afgas50trkh099qtq,1771526988010,200,0.193427,0.364782,llama-3.3-70b-versatile,key_01khq7zxv8emdstpf7qejngq60,project_01kcqq8r2pf1pt2vv167gq4x05,955,955,0,0,33
req_01khvkm4e0eq6a0frchjgcnxr0,1771526820288,200,0.149038,0.300031,llama-3.3-70b-versatile,key_01khq7zxv8emdstpf7qejngq60,project_01kcqq8r2pf1pt2vv167gq4x05,869,869,0,0,29
req_01khvkhba0efzagqzv2tb1fs9h,1771526729024,200,0.221445,0.33047,llama-3.3-70b-versatile,key_01khq7zxv8emdstpf7qejngq60,project_01kcqq8r2pf1pt2vv167gq4x05,834,834,0,0,27
req_01khvkg224e24tasbrcdh8k6gg,1771526686788,200,0.127843,0.139277,llama-3.3-70b-versatile,key_01khq7zxv8emdstpf7qejngq60,project_01kcqq8r2pf1pt2vv167gq4x05,219,219,0,0,16
req_01khvkg0zvfs7sq8sd3wxgct9x,1771526685691,200,0.216285,0.373062,llama-3.3-70b-versatile,key_01khq7zxv8emdstpf7qejngq60,project_01kcqq8r2pf1pt2vv167gq4x05,775,775,0,0,34
req_01khvkezdqem4s14f8ha1e60b6,1771526651319,200,0.211575,0.373819,llama-3.3-70b-versatile,key_01khq7zxv8emdstpf7qejngq60,project_01kcqq8r2pf1pt2vv167gq4x05,734,734,0,0,30
req_01khvk64hnetk8k59mw1n33hgc,1771526361653,200,0.252448,0.413777,llama-3.3-70b-versatile,key_01khq7zxv8emdstpf7qejngq60,project_01kcqq8r2pf1pt2vv167gq4x05,1301,1301,0,0,46
req_01khvk4jarf928zr2ez46fd8a4,1771526310232,200,0.096157,0.119869,llama-3.3-70b-versatile,key_01khq7zxv8emdstpf7qejngq60,project_01kcqq8r2pf1pt2vv167gq4x05,236,236,0,0,16
req_01khvk4h30eq4byw7w9spwmc8p,1771526308960,200,0.292432,0.538773,llama-3.3-70b-versatile,key_01khq7zxv8emdstpf7qejngq60,project_01kcqq8r2pf1pt2vv167gq4x05,1176,1176,0,0,52
req_01khvk2r6rej0shqka74xrak0s,1771526250712,200,0.252349,0.547393,llama-3.3-70b-versatile,key_01khq7zxv8emdstpf7qejngq60,project_01kcqq8r2pf1pt2vv167gq4x05,944,944,0,0,54
req_01khvk0n1wekzrgkvh37pd4y78,1771526181948,200,0.226629,0.361653,llama-3.3-70b-versatile,key_01khq7zxv8emdstpf7qejngq60,project_01kcqq8r2pf1pt2vv167gq4x05,995,995,0,0,40
req_01khvk01qafjwr0bfedw3jww0e,1771526162154,200,0.089399,0.103828,llama-3.3-70b-versatile,key_01khq7zxv8emdstpf7qejngq60,project_01kcqq8r2pf1pt2vv167gq4x05,217,217,0,0,19
req_01khvk00g8fhtahsbmgmw1eb3r,1771526160904,200,0.405579,0.542505,llama-3.3-70b-versatile,key_01khq7zxv8emdstpf7qejngq60,project_01kcqq8r2pf1pt2vv167gq4x05,882,882,0,0,34
req_01khvjzve6fhfv4j7q19r076qa,1771526155718,200,0.265798,0.41515,llama-3.3-70b-versatile,key_01khq7zxv8emdstpf7qejngq60,project_01kcqq8r2pf1pt2vv167gq4x05,952,952,0,0,36
req_01khvjzqbjfh89khnvyggfec3f,1771526151538,200,0.187258,0.210128,llama-3.3-70b-versatile,key_01khq7zxv8emdstpf7qejngq60,project_01kcqq8r2pf1pt2vv167gq4x05,210,210,0,0,16
req_01khvjzpxrehws17q7wtvsagsw,1771526151096,200,0.205826,0.221271,llama-3.3-70b-versatile,key_01khq7zxv8emdstpf7qejngq60,project_01kcqq8r2pf1pt2vv167gq4x05,217,217,0,0,19
req_01khvjzp65fht8ch0dxeraykj4,1771526150341,200,0.313036,0.463306,llama-3.3-70b-versatile,key_01khq7zxv8emdstpf7qejngq60,project_01kcqq8r2pf1pt2vv167gq4x05,844,844,0,0,32
req_01khvjznw4ewk9gagshdcvcyf0,1771526150020,200,0.224081,0.321102,llama-3.3-70b-versatile,key_01khq7zxv8emdstpf7qejngq60,project_01kcqq8r2pf1pt2vv167gq4x05,873,873,0,0,38
req_01khvjzggsfhbszhtkf0ffdfp8,1771526144537,200,0.204605,0.367813,llama-3.3-70b-versatile,key_01khq7zxv8emdstpf7qejngq60,project_01kcqq8r2pf1pt2vv167gq4x05,958,958,0,0,39
req_01khvjzbgte94v2w9emqsz04a4,1771526139418,200,0.14106,0.218675,llama-3.3-70b-versatile,key_01khq7zxv8emdstpf7qejngq60,project_01kcqq8r2pf1pt2vv167gq4x05,900,900,0,0,23
req_01khvjxaqcfc3vdjn4te5tcrkw,1771526073068,200,0.195,0.216294,llama-3.3-70b-versatile,key_01khq7zxv8emdstpf7qejngq60,project_01kcqq8r2pf1pt2vv167gq4x05,214,214,0,0,16
req_01khvjx9mmfc2t96hmm9r1p70s,1771526071956,200,0.230961,0.384708,llama-3.3-70b-versatile,key_01khq7zxv8emdstpf7qejngq60,project_01kcqq8r2pf1pt2vv167gq4x05,861,861,0,0,38
req_01khvjwmt0enwavgxka2yefzza,1771526050624,200,0.26776,0.461539,llama-3.3-70b-versatile,key_01khq7zxv8emdstpf7qejngq60,project_01kcqq8r2pf1pt2vv167gq4x05,792,792,0,0,51
req_01khvjs4d5esh89xdwhatfx55t,1771525935525,200,0.414451,0.620288,llama-3.3-70b-versatile,key_01khq7zxv8emdstpf7qejngq60,project_01kcqq8r2pf1pt2vv167gq4x05,737,737,0,0,47
req_01khvjmkmbe2gagedznts0m6f1,1771525787275,200,0.181302,0.210445,llama-3.3-70b-versatile,key_01khq7zxv8emdstpf7qejngq60,project_01kcqq8r2pf1pt2vv167gq4x05,156,156,0,0,5
req_01khvjmjkce2cadq5tzv5z1hb9,1771525786220,200,0.132621,0.29279,llama-3.3-70b-versatile,key_01khq7zxv8emdstpf7qejngq60,project_01kcqq8r2pf1pt2vv167gq4x05,1136,1136,0,0,33
req_01khvjmdhjffk9t90ce4an1cpp,1771525781042,200,0.250383,0.40903,llama-3.3-70b-versatile,key_01khq7zxv8emdstpf7qejngq60,project_01kcqq8r2pf1pt2vv167gq4x05,1137,1137,0,0,32
req_01khvjjestfbdbrz5pwasdym5t,1771525716794,200,0.234812,0.444529,llama-3.3-70b-versatile,key_01khq7zxv8emdstpf7qejngq60,project_01kcqq8r2pf1pt2vv167gq4x05,1150,1150,0,0,50
req_01khvjc3n4ftkam9wzadfgkjcx,1771525508772,200,0.186695,0.214643,llama-3.3-70b-versatile,key_01khq7zxv8emdstpf7qejngq60,project_01kcqq8r2pf1pt2vv167gq4x05,156,156,0,0,5
req_01khvjc2c6fctatcjvm3kf8jf4,1771525507462,200,0.315527,0.569044,llama-3.3-70b-versatile,key_01khq7zxv8emdstpf7qejngq60,project_01kcqq8r2pf1pt2vv167gq4x05,1148,1148,0,0,47
req_01khvj9pm0epjazycfcxmhm0m4,1771525429888,200,0.108018,0.160955,llama-3.3-70b-versatile,key_01khq7zxv8emdstpf7qejngq60,project_01kcqq8r2pf1pt2vv167gq4x05,155,155,0,0,6
req_01khvj9nfbfybbr58ey1d874v6,1771525428715,200,0.233644,0.43226,llama-3.3-70b-versatile,key_01khq7zxv8emdstpf7qejngq60,project_01kcqq8r2pf1pt2vv167gq4x05,1149,1149,0,0,51
req_01khvj9ga4f7crjqfbtqdqtrsq,1771525423428,200,0.233042,0.417248,llama-3.3-70b-versatile,key_01khq7zxv8emdstpf7qejngq60,project_01kcqq8r2pf1pt2vv167gq4x05,1142,1142,0,0,44
req_01khvj9bk6fnpam3z8qcnjgmnv,1771525418598,200,0.278916,0.522461,llama-3.3-70b-versatile,key_01khq7zxv8emdstpf7qejngq60,project_01kcqq8r2pf1pt2vv167gq4x05,1897,1897,0,0,47
req_01khvh52rbes3vwf9esvvsa0m4,1771524229899,200,0.097184,0.143973,llama-3.3-70b-versatile,key_01khq7zxv8emdstpf7qejngq60,project_01kcqq8r2pf1pt2vv167gq4x05,156,156,0,0,7
req_01khvh51h5e7zrevpey6q8n169,1771524228645,200,0.268942,0.486102,llama-3.3-70b-versatile,key_01khq7zxv8emdstpf7qejngq60,project_01kcqq8r2pf1pt2vv167gq4x05,1161,1161,0,0,52
req_01khvh3t04f10bj5hkw9pp2rag,1771524188164,200,0.135843,0.296087,llama-3.3-70b-versatile,key_01khq7zxv8emdstpf7qejngq60,project_01kcqq8r2pf1pt2vv167gq4x05,1147,1147,0,0,52
req_01khvh26rmex29v1d75thkam1y,1771524135700,200,0.203756,0.36558,llama-3.3-70b-versatile,key_01khq7zxv8emdstpf7qejngq60,project_01kcqq8r2pf1pt2vv167gq4x05,1141,1141,0,0,46
req_01khvh1r4reh5vms084agvrjrf,1771524120728,200,0.184107,0.211373,llama-3.3-70b-versatile,key_01khq7zxv8emdstpf7qejngq60,project_01kcqq8r2pf1pt2vv167gq4x05,157,157,0,0,4
req_01khvh1pzbfk1bc8n2yzak74dj,1771524119531,200,0.302921,0.483258,llama-3.3-70b-versatile,key_01khq7zxv8emdstpf7qejngq60,project_01kcqq8r2pf1pt2vv167gq4x05,1174,1174,0,0,48
req_01khvh1d14fewav41s09j51c7k,1771524109348,200,0.261868,0.455021,llama-3.3-70b-versatile,key_01khq7zxv8emdstpf7qejngq60,project_01kcqq8r2pf1pt2vv167gq4x05,1093,1093,0,0,39
req_01khvh138cefytekr3g2zd72m6,1771524099340,200,0.35884,0.574042,llama-3.3-70b-versatile,key_01khq7zxv8emdstpf7qejngq60,project_01kcqq8r2pf1pt2vv167gq4x05,1792,1792,0,0,42
req_01khv9vyv9fj4tb3smjsceds88,1771516590953,200,0.207113,0.214771,llama-3.3-70b-versatile,key_01khq7zxv8emdstpf7qejngq60,project_01kcqq8r2pf1pt2vv167gq4x05,157,157,0,0,2
req_01khv9vxg8efr82jaencee37d0,1771516589576,200,0.464157,0.618971,llama-3.3-70b-versatile,key_01khq7zxv8emdstpf7qejngq60,project_01kcqq8r2pf1pt2vv167gq4x05,1877,1877,0,0,41
req_01khv9v1n7fg3syaq7xn1wg4hg,1771516561063,200,0.232808,0.341472,llama-3.3-70b-versatile,key_01khq7zxv8emdstpf7qejngq60,project_01kcqq8r2pf1pt2vv167gq4x05,947,947,0,0,21
req_01khv90e7sf2crhx4wrrckxgm5,1771515689209,200,0.245716,0.401918,llama-3.3-70b-versatile,key_01khq7zxv8emdstpf7qejngq60,project_01kcqq8r2pf1pt2vv167gq4x05,1156,1156,0,0,54
req_01khv6zrqxe7a90bzn9pat772z,1771513570045,200,0.175688,0.217501,llama-3.3-70b-versatile,key_01khq7zxv8emdstpf7qejngq60,project_01kcqq8r2pf1pt2vv167gq4x05,155,155,0,0,7
req_01khv6zqgqeqs8arfsj2sn8xzx,1771513568791,200,0.266208,0.47982,llama-3.3-70b-versatile,key_01khq7zxv8emdstpf7qejngq60,project_01kcqq8r2pf1pt2vv167gq4x05,997,997,0,0,59
req_01khv699enf05tzkefx26dvk5t,1771512833493,200,0.237243,0.444625,llama-3.3-70b-versatile,key_01khq7zxv8emdstpf7qejngq60,project_01kcqq8r2pf1pt2vv167gq4x05,1006,1006,0,0,46
req_01khv62kggfm99rj4frmh3659w,1771512614416,200,0.240634,0.44527,llama-3.3-70b-versatile,key_01khq7zxv8emdstpf7qejngq60,project_01kcqq8r2pf1pt2vv167gq4x05,1071,1071,0,0,42
req_01khv2kkpkfv4tcqas4jvcec58,1771508977363,200,0.183369,0.183563,llama-3.3-70b-versatile,key_01khq7zxv8emdstpf7qejngq60,project_01kcqq8r2pf1pt2vv167gq4x05,153,153,0,0,2
req_01khv2kjpdfv1vghppkhjdv6n3,1771508976333,200,0.184804,0.293762,llama-3.3-70b-versatile,key_01khq7zxv8emdstpf7qejngq60,project_01kcqq8r2pf1pt2vv167gq4x05,217,217,0,0,21
req_01khv2j5hzfpfv2p3yksmfnqar,1771508930111,200,0.188793,0.367601,llama-3.3-70b-versatile,key_01khq7zxv8emdstpf7qejngq60,project_01kcqq8r2pf1pt2vv167gq4x05,167,167,0,0,36
req_01khsv05v9f8jss4twz3g4n3ne,1771467446121,200,0.19334,0.358325,llama-3.3-70b-versatile,key_01khq7zxv8emdstpf7qejngq60,project_01kcqq8r2pf1pt2vv167gq4x05,186,186,0,0,36
req_01khstxxr4f33b5vdxwp4s19nz,1771467372292,200,0.108924,0.144835,llama-3.3-70b-versatile,key_01khq7zxv8emdstpf7qejngq60,project_01kcqq8r2pf1pt2vv167gq4x05,167,167,0,0,5
req_01khstxwr4fev8why0kt26wrcz,1771467371268,200,0.192565,0.26552,llama-3.3-70b-versatile,key_01khq7zxv8emdstpf7qejngq60,project_01kcqq8r2pf1pt2vv167gq4x05,298,298,0,0,22
req_01khstvqe3fzs9nk2vxaxbp4ne,1771467300291,200,0.195638,0.289126,llama-3.3-70b-versatile,key_01khq7zxv8emdstpf7qejngq60,project_01kcqq8r2pf1pt2vv167gq4x05,338,338,0,0,25
req_01khstrs48eq3r5qa4mjn1qchg,1771467203720,200,0.117724,0.240635,llama-3.3-70b-versatile,key_01khq7zxv8emdstpf7qejngq60,project_01kcqq8r2pf1pt2vv167gq4x05,284,284,0,0,30
req_01khstr5k6enqtf8p8675w5843,1771467183718,200,0.089486,0.109385,llama-3.3-70b-versatile,key_01khq7zxv8emdstpf7qejngq60,project_01kcqq8r2pf1pt2vv167gq4x05,152,152,0,0,3
req_01khstqjj2e0a8spe4wxrkv5dd,1771467164226,200,0.106303,0.133832,llama-3.3-70b-versatile,key_01khq7zxv8emdstpf7qejngq60,project_01kcqq8r2pf1pt2vv167gq4x05,165,165,0,0,4
req_01khstpkcgfxybyahkaq738g4n,1771467132304,200,0.094974,0.124419,llama-3.3-70b-versatile,key_01khq7zxv8emdstpf7qejngq60,project_01kcqq8r2pf1pt2vv167gq4x05,161,161,0,0,6
req_01khsrqc7femzakksqvywqjbyc,1771465060591,200,0.091514,0.092162,llama-3.3-70b-versatile,key_01khq7zxv8emdstpf7qejngq60,project_01kcqq8r2pf1pt2vv167gq4x05,154,154,0,0,2
req_01khsrqbayfv1tfm7rx1gpfdgf,1771465059678,200,0.081882,0.193031,llama-3.3-70b-versatile,key_01khq7zxv8emdstpf7qejngq60,project_01kcqq8r2pf1pt2vv167gq4x05,269,269,0,0,19
req_01khsrmy4behb9p5vca9qs64sj,1771464980619,200,0.190208,0.269407,llama-3.3-70b-versatile,key_01khq7zxv8emdstpf7qejngq60,project_01kcqq8r2pf1pt2vv167gq4x05,290,290,0,0,19
req_01khsrmg7zfnv8ckym8k92h4qh,1771464966399,200,0.191354,0.255391,llama-3.3-70b-versatile,key_01khq7zxv8emdstpf7qejngq60,project_01kcqq8r2pf1pt2vv167gq4x05,299,299,0,0,18
req_01khsrk50mee698v76hbbfm2pn,1771464922132,200,0.193387,0.211568,llama-3.3-70b-versatile,key_01khq7zxv8emdstpf7qejngq60,project_01kcqq8r2pf1pt2vv167gq4x05,157,157,0,0,4
req_01khsrk41genwrqp1ykfyhm4zm,1771464921136,200,0.191011,0.272511,llama-3.3-70b-versatile,key_01khq7zxv8emdstpf7qejngq60,project_01kcqq8r2pf1pt2vv167gq4x05,311,311,0,0,16
req_01khsrg3hxfd7sq24vn1cs2wxk,1771464822333,200,0.205373,0.303925,llama-3.3-70b-versatile,key_01khq7zxv8emdstpf7qejngq60,project_01kcqq8r2pf1pt2vv167gq4x05,319,319,0,0,27
req_01khsrfdx1e16bt1jv7c8tb951,1771464800161,200,0.140284,0.287422,llama-3.3-70b-versatile,key_01khq7zxv8emdstpf7qejngq60,project_01kcqq8r2pf1pt2vv167gq4x05,422,422,0,0,28
req_01khsresgafbbbpsabfxynh4wh,1771464779274,200,0.181077,0.208433,llama-3.3-70b-versatile,key_01khq7zxv8emdstpf7qejngq60,project_01kcqq8r2pf1pt2vv167gq4x05,155,155,0,0,5
req_01khsrerbgfbabsjqaqajpw626,1771464778096,200,0.195658,0.27896,llama-3.3-70b-versatile,key_01khq7zxv8emdstpf7qejngq60,project_01kcqq8r2pf1pt2vv167gq4x05,417,417,0,0,25
req_01khsrecqte5d8axj9b64swvzj,1771464766202,200,0.089429,0.232623,llama-3.3-70b-versatile,key_01khq7zxv8emdstpf7qejngq60,project_01kcqq8r2pf1pt2vv167gq4x05,305,305,0,0,30
req_01khsr4jq5eq9rfny4gz3n9x1z,1771464444645,200,0.146971,0.248983,llama-3.3-70b-versatile,key_01khq7zxv8emdstpf7qejngq60,project_01kcqq8r2pf1pt2vv167gq4x05,300,300,0,0,22
req_01khsr3d1hffz8gnqavnj229w9,1771464406065,200,0.188922,0.199052,llama-3.3-70b-versatile,key_01khq7zxv8emdstpf7qejngq60,project_01kcqq8r2pf1pt2vv167gq4x05,155,155,0,0,5
req_01khsr3c5afarswxtfyz6vrh50,1771464405162,200,0.08107,0.17373,llama-3.3-70b-versatile,key_01khq7zxv8emdstpf7qejngq60,project_01kcqq8r2pf1pt2vv167gq4x05,271,271,0,0,22
req_01khsr1dp3f7bajwpvfab4a43p,1771464341187,200,0.081176,0.163805,llama-3.3-70b-versatile,key_01khq7zxv8emdstpf7qejngq60,project_01kcqq8r2pf1pt2vv167gq4x05,229,229,0,0,24
req_01khsqyrz2ecnbpjfa8f67szrf,1771464254434,200,0.193574,0.33543,llama-3.3-70b-versatile,key_01khq7zxv8emdstpf7qejngq60,project_01kcqq8r2pf1pt2vv167gq4x05,188,188,0,0,31
req_01khsqy7e9f2xsahv1274dbccm,1771464236489,200,0.192207,0.26792,llama-3.3-70b-versatile,key_01khq7zxv8emdstpf7qejngq60,project_01kcqq8r2pf1pt2vv167gq4x05,205,205,0,0,25
req_01khsqxmv3ff7b9tt6e5dt231n,1771464217443,200,0.097107,0.227627,llama-3.3-70b-versatile,key_01khq7zxv8emdstpf7qejngq60,project_01kcqq8r2pf1pt2vv167gq4x05,165,165,0,0,22
req_01khsnmmwkf0j9nbwg7835c8hs,1771461825427,200,0.104648,0.47947,llama-3.3-70b-versatile,key_01khq7zxv8emdstpf7qejngq60,project_01kcqq8r2pf1pt2vv167gq4x05,391,391,0,0,94
req_01khsnmmt6f0httb4g9y0g2r5q,1771461825350,200,0.111123,0.446959,llama-3.3-70b-versatile,key_01khq7zxv8emdstpf7qejngq60,project_01kcqq8r2pf1pt2vv167gq4x05,365,365,0,0,79
req_01khsnmefxed39q2pmxk92r518,1771461818877,200,0.19319,0.494666,llama-3.3-70b-versatile,key_01khq7zxv8emdstpf7qejngq60,project_01kcqq8r2pf1pt2vv167gq4x05,365,365,0,0,65
req_01khsnmefwf90vk62thcf4j06r,1771461818876,200,0.1943,0.522624,llama-3.3-70b-versatile,key_01khq7zxv8emdstpf7qejngq60,project_01kcqq8r2pf1pt2vv167gq4x05,392,392,0,0,78
req_01khsmdag2etxrgf28g10xfw78,1771460536834,200,0.236685,0.560645,llama-3.3-70b-versatile,key_01khq7zxv8emdstpf7qejngq60,project_01kcqq8r2pf1pt2vv167gq4x05,546,546,0,0,94
req_01khsmb2g5e3z9vzs28q79jrs2,1771460463109,200,0.126778,0.453594,llama-3.3-70b-versatile,key_01khq7zxv8emdstpf7qejngq60,project_01kcqq8r2pf1pt2vv167gq4x05,369,369,0,0,78
req_01khsmaz1ke3qv7v5w9rjkzn5a,1771460459571,200,0.128279,0.511376,llama-3.3-70b-versatile,key_01khq7zxv8emdstpf7qejngq60,project_01kcqq8r2pf1pt2vv167gq4x05,515,515,0,0,107
req_01khskrexgetv9fwzsdt4egsjj,1771459853232,200,0.236605,0.672957,llama-3.3-70b-versatile,key_01khq7zxv8emdstpf7qejngq60,project_01kcqq8r2pf1pt2vv167gq4x05,609,609,0,0,109
req_01khskp39penf8gaz0j898cqks,1771459775798,200,0.198425,0.633543,llama-3.3-70b-versatile,key_01khq7zxv8emdstpf7qejngq60,project_01kcqq8r2pf1pt2vv167gq4x05,386,386,0,0,91
req_01khsjxr3feaha9b1df4t6jsz5,1771458977903,200,0.207181,0.469643,llama-3.3-70b-versatile,key_01khq7zxv8emdstpf7qejngq60,project_01kcqq8r2pf1pt2vv167gq4x05,567,567,0,0,79
req_01khsjw7xhexgtzmt3fnztrrz9,1771458928561,200,0.205015,0.490898,llama-3.3-70b-versatile,key_01khq7zxv8emdstpf7qejngq60,project_01kcqq8r2pf1pt2vv167gq4x05,263,263,0,0,63
req_01khsfps39e3dtmgm8m8xkp739,1771455603817,200,0.246588,0.542714,llama-3.3-70b-versatile,key_01khq7zxv8emdstpf7qejngq60,project_01kcqq8r2pf1pt2vv167gq4x05,264,264,0,0,78
req_01khscvjnnfd4sxspacqs0q2k8,1771452615349,200,0.182962,0.508179,llama-3.3-70b-versatile,key_01khq7zxv8emdstpf7qejngq60,project_01kcqq8r2pf1pt2vv167gq4x05,276,276,0,0,73
req_01khscs7f4f6w9x68zwz6aggv8,1771452538340,200,0.101615,0.475314,llama-3.3-70b-versatile,key_01khq7zxv8emdstpf7qejngq60,project_01kcqq8r2pf1pt2vv167gq4x05,380,380,0,0,77
req_01khscrqxberx81nehezbe1kg6,1771452522411,200,0.20317,0.552932,llama-3.3-70b-versatile,key_01khq7zxv8emdstpf7qejngq60,project_01kcqq8r2pf1pt2vv167gq4x05,271,271,0,0,79
req_01khscr1cxenbrs1217bd5pg9j,1771452499357,200,0.250384,0.604961,llama-3.3-70b-versatile,key_01khq7zxv8emdstpf7qejngq60,project_01kcqq8r2pf1pt2vv167gq4x05,269,269,0,0,100
req_01khscqmyqedmvy74b8w68b75p,1771452486615,200,0.087806,0.376226,llama-3.3-70b-versatile,key_01khq7zxv8emdstpf7qejngq60,project_01kcqq8r2pf1pt2vv167gq4x05,275,275,0,0,76
req_01khschpm1etntcj87da4s8xfn,1771452291713,200,0.044952,0.383726,llama-3.3-70b-versatile,key_01khq7zxv8emdstpf7qejngq60,project_01kcqq8r2pf1pt2vv167gq4x05,263,263,0,0,81
req_01khscemrrecsb1f3nt823y7re,1771452191512,200,0.022525,0.172925,llama-3.3-70b-versatile,key_01khq7zxv8emdstpf7qejngq60,project_01kcqq8r2pf1pt2vv167gq4x05,247,247,0,0,39
req_01khscdvp1f3svare5xkafxzxf,1771452165825,200,0.22799,0.362289,llama-3.3-70b-versatile,key_01khq7zxv8emdstpf7qejngq60,project_01kcqq8r2pf1pt2vv167gq4x05,246,246,0,0,32
req_01khsccxcpe4vr87fjy0ytejx4,1771452134806,200,0.060505,0.32328,llama-3.3-70b-versatile,key_01khq7zxv8emdstpf7qejngq60,project_01kcqq8r2pf1pt2vv167gq4x05,246,246,0,0,45
req_01khsc98q6epzap2e5wfcny27m,1771452015334,200,0.086897,0.634179,llama-3.3-70b-versatile,key_01khq7zxv8emdstpf7qejngq60,project_01kcqq8r2pf1pt2vv167gq4x05,249,249,0,0,84
req_01khsb6hzce72vsy4gx0efnksw,1771450877932,200,0.035853,0.356317,llama-3.3-70b-versatile,key_01khq7zxv8emdstpf7qejngq60,project_01kcqq8r2pf1pt2vv167gq4x05,265,265,0,0,83
req_01khsb5tzde4fv2vre2p6r91y2,1771450854381,200,0.066444,0.350329,llama-3.3-70b-versatile,key_01khq7zxv8emdstpf7qejngq60,project_01kcqq8r2pf1pt2vv167gq4x05,268,268,0,0,64
req_01khsb59pve1wbjj9eyd4cz3qj,1771450836699,200,0.087905,0.511051,llama-3.3-70b-versatile,key_01khq7zxv8emdstpf7qejngq60,project_01kcqq8r2pf1pt2vv167gq4x05,270,270,0,0,93
req_01khsaxjsaf5ntvn7k4qknp3v9,1771450583850,200,0.060951,0.380171,llama-3.3-70b-versatile,key_01khq7zxv8emdstpf7qejngq60,project_01kcqq8r2pf1pt2vv167gq4x05,374,374,0,0,77
req_01khsak5ayfjvv7qxrt1wrbzaq,1771450242398,200,0.256563,0.616515,llama-3.3-70b-versatile,key_01khq7zxv8emdstpf7qejngq60,project_01kcqq8r2pf1pt2vv167gq4x05,324,324,0,0,75
req_01khs9kxv7e7w8q0kj17937e9n,1771449218919,200,0.184461,0.57087,llama-3.3-70b-versatile,key_01khq7zxv8emdstpf7qejngq60,project_01kcqq8r2pf1pt2vv167gq4x05,244,244,0,0,82
req_01khs9kfvef4dtmq9hp19hzx2p,1771449204590,200,0.180588,0.492747,llama-3.3-70b-versatile,key_01khq7zxv8emdstpf7qejngq60,project_01kcqq8r2pf1pt2vv167gq4x05,267,267,0,0,84
req_01khs9jm05evs84vzp3bcyret1,1771449176069,200,0.240928,0.600958,llama-3.3-70b-versatile,key_01khq7zxv8emdstpf7qejngq60,project_01kcqq8r2pf1pt2vv167gq4x05,243,243,0,0,68
req_01khs9cx9yf0faqc2ys5h98sbr,1771448988991,200,0.09471,0.513778,llama-3.3-70b-versatile,key_01khq7zxv8emdstpf7qejngq60,project_01kcqq8r2pf1pt2vv167gq4x05,243,243,0,0,74
req_01khs9c0pff6mtsz5dg4wz2wa9,1771448959695,200,0.02475,0.320986,llama-3.3-70b-versatile,key_01khq7zxv8emdstpf7qejngq60,project_01kcqq8r2pf1pt2vv167gq4x05,262,262,0,0,74
req_01khs8qk8jf1281kn27xq72fxp,1771448290578,200,0.020835,0.2264,llama-3.3-70b-versatile,key_01khq7zxv8emdstpf7qejngq60,project_01kcqq8r2pf1pt2vv167gq4x05,49,49,0,0,54
req_01khs8cgy0e36spk31t4b93yk0,1771447927744,200,0.051158,0.291467,llama-3.3-70b-versatile,key_01khq7zxv8emdstpf7qejngq60,project_01kcqq8r2pf1pt2vv167gq4x05,214,214,0,0,57
req_01khs88w2sfr4vbc5daf3k74fa,1771447808089,200,0.252314,0.688843,llama-3.3-70b-versatile,key_01khq7zxv8emdstpf7qejngq60,project_01kcqq8r2pf1pt2vv167gq4x05,219,219,0,0,76
req_01khs8858xfcpsfffgrqpgaeb9,1771447784733,200,0.052346,0.281511,llama-3.3-70b-versatile,key_01khq7zxv8emdstpf7qejngq60,project_01kcqq8r2pf1pt2vv167gq4x05,328,328,0,0,61
req_01khs85g4xf89a2w07nqxd2yv6,1771447697565,200,0.162324,0.59682,llama-3.3-70b-versatile,key_01khq7zxv8emdstpf7qejngq60,project_01kcqq8r2pf1pt2vv167gq4x05,338,338,0,0,138
req_01khs83nqrf4et427wegtkyya2,1771447637752,200,0.163114,0.386282,llama-3.3-70b-versatile,key_01khq7zxv8emdstpf7qejngq60,project_01kcqq8r2pf1pt2vv167gq4x05,199,199,0,0,54
req_01khs83dfjev4bdyk4cr5aez4g,1771447629298,200,0.031406,0.375477,llama-3.3-70b-versatile,key_01khq7zxv8emdstpf7qejngq60,project_01kcqq8r2pf1pt2vv167gq4x05,196,196,0,0,70
req_01khs7zrn4ed1ryzqdfdr223cc,1771447509668,200,0.097417,0.353828,llama-3.3-70b-versatile,key_01khq7zxv8emdstpf7qejngq60,project_01kcqq8r2pf1pt2vv167gq4x05,116,116,0,0,63
req_01khs7zhd4e0trr5nxhgksnkbb,1771447502244,500,0,6.187524,llama-3.3-70b-versatile,key_01khq7zxv8emdstpf7qejngq60,project_01kcqq8r2pf1pt2vv167gq4x05,0,0,0,0,0,"{\"code\":\"\",\"message\":\"Internal Server Error\",\"param\":\"\",\"type\":\"internal_server_error\"}"
req_01khs7ssx2fmwsrx27xd6zkgz6,1771447314338,200,0.058116,0.194673,llama-3.3-70b-versatile,key_01khq7zxv8emdstpf7qejngq60,project_01kcqq8r2pf1pt2vv167gq4x05,114,114,0,0,35
req_01khs7s5v9f648cbs39991gmxv,1771447293801,200,0.047648,0.210905,llama-3.3-70b-versatile,key_01khq7zxv8emdstpf7qejngq60,project_01kcqq8r2pf1pt2vv167gq4x05,118,118,0,0,45
req_01khs73spefywrskk33c2pywjc,1771446593230,200,0.262622,0.462104,llama-3.3-70b-versatile,key_01khq7zxv8emdstpf7qejngq60,project_01kcqq8r2pf1pt2vv167gq4x05,118,118,0,0,58
req_01khs5qbs5fj3808k8qjj4txy2,1771445137189,200,0.02793,0.199862,llama-3.3-70b-versatile,key_01khq7zxv8emdstpf7qejngq60,project_01kcqq8r2pf1pt2vv167gq4x05,119,119,0,0,38
req_01khs5q403fjmvr34nt2cjr8g0,1771445129219,200,0.187991,0.356987,llama-3.3-70b-versatile,key_01khq7zxv8emdstpf7qejngq60,project_01kcqq8r2pf1pt2vv167gq4x05,115,115,0,0,40
req_01khs5pm2zerjasqxekytcexxe,1771445112927,200,0.064856,0.146006,llama-3.3-70b-versatile,key_01khq7zxv8emdstpf7qejngq60,project_01kcqq8r2pf1pt2vv167gq4x05,119,119,0,0,27
req_01khs5p1kzfb09zd0dthdd60fm,1771445094015,200,0.068052,0.151906,llama-3.3-70b-versatile,key_01khq7zxv8emdstpf7qejngq60,project_01kcqq8r2pf1pt2vv167gq4x05,116,116,0,0,26
req_01khs35z7kf2j8hb7skjqddbb9,1771442470131,200,0.019642,0.09032,llama-3.3-70b-versatile,key_01khq7zxv8emdstpf7qejngq60,project_01kcqq8r2pf1pt2vv167gq4x05,75,75,0,0,25
req_01khs34vjsezjr1jw9cd55rfvb,1771442433625,200,0.04666,0.069775,llama-3.3-70b-versatile,key_01khq7zxv8emdstpf7qejngq60,project_01kcqq8r2pf1pt2vv167gq4x05,72,72,0,0,9
req_01khs315azfc3rg32qf8ap6dre,1771442312543,200,0.171868,0.33166,llama-3.3-70b-versatile,key_01khq7zxv8emdstpf7qejngq60,project_01kcqq8r2pf1pt2vv167gq4x05,76,76,0,0,36
req_01khs30hcfefhvetr5jsbtz35k,1771442292111,200,0.015916,0.147379,llama-3.3-70b-versatile,key_01khq7zxv8emdstpf7qejngq60,project_01kcqq8r2pf1pt2vv167gq4x05,73,73,0,0,25
req_01khs2xj7we1tvn8z8j530br8f,1771442194684,200,0.054994,0.200323,llama-3.3-70b-versatile,key_01khq7zxv8emdstpf7qejngq60,project_01kcqq8r2pf1pt2vv167gq4x05,75,75,0,0,36
req_01khs2vp8afv38h2aps9p9a1ka,1771442133258,200,0.063846,0.204692,llama-3.3-70b-versatile,key_01khq7zxv8emdstpf7qejngq60,project_01kcqq8r2pf1pt2vv167gq4x05,86,86,0,0,47
req_01khs2t1b0empbyddcsdxfhsb6,1771442079072,200,0.050158,0.153252,llama-3.3-70b-versatile,key_01khq7zxv8emdstpf7qejngq60,project_01kcqq8r2pf1pt2vv167gq4x05,73,73,0,0,25
req_01khrptmx3erwt1hwgf8bjzsyt,1771429516195,200,0.01307,0.123747,llama-3.3-70b-versatile,key_01khq7zxv8emdstpf7qejngq60,project_01kcqq8r2pf1pt2vv167gq4x05,48,48,0,0,47
req_01khrps1hnemqv8hjndg2rv6qg,1771429463605,400,0,0.001433,llama3-70b-8192,key_01khq7zxv8emdstpf7qejngq60,project_01kcqq8r2pf1pt2vv167gq4x05,0,0,0,0,0,"{\"code\":\"model_decommissioned\",\"message\":\"The model `llama3-70b-8192` has been decommissioned and is no longer supported. Please refer to https://console.groq.com/docs/deprecations for a recommendation on which model to use instead.\",\"param\":\"\",\"type\":\"invalid_request_error\"}"